{
	"credit": "Made with Blockbench",
	"textures": {
		"0": "./lavamerkovii",
		"particle": "./lavamerkovii"
	},
	"elements": [
		{
			"name": "right_leg",
			"from": [5, 0, 7],
			"to": [7, 8.5, 9],
			"rotation": {"angle": 0, "axis": "y", "origin": [11, 8, 17]},
			"faces": {
				"north": {"uv": [0.5, 7.375, 1, 9.5], "texture": "#0"},
				"east": {"uv": [0, 7.375, 0.5, 9.5], "texture": "#0"},
				"south": {"uv": [1.5, 7.375, 2, 9.5], "texture": "#0"},
				"west": {"uv": [1, 7.375, 1.5, 9.5], "texture": "#0"},
				"up": {"uv": [0.5, 6.875, 1, 7.375], "texture": "#0"},
				"down": {"uv": [1, 6.875, 1.5, 7.375], "texture": "#0"}
			}
		},
		{
			"name": "left_leg",
			"from": [9, 0, 7],
			"to": [11, 8.5, 9],
			"rotation": {"angle": 0, "axis": "y", "origin": [15, 8, 17]},
			"faces": {
				"north": {"uv": [0.5, 4.5, 1, 6.625], "texture": "#0"},
				"east": {"uv": [0, 4.5, 0.5, 6.625], "texture": "#0"},
				"south": {"uv": [1.625, 4.5, 2, 6.625], "texture": "#0"},
				"west": {"uv": [1, 4.5, 1.5, 6.625], "texture": "#0"},
				"up": {"uv": [0.5, 4, 1, 4.5], "texture": "#0"},
				"down": {"uv": [1, 6.875, 1.5, 7.375], "texture": "#0"}
			}
		},
		{
			"from": [4, 8, 4],
			"to": [12, 15, 12],
			"rotation": {"angle": 0, "axis": "y", "origin": [12, 16, 12]},
			"faces": {
				"north": {"uv": [2, 2, 4, 3.75], "texture": "#0"},
				"east": {"uv": [0, 2, 1.875, 3.625], "texture": "#0"},
				"south": {"uv": [6, 2, 8, 3.75], "texture": "#0"},
				"west": {"uv": [4, 2, 6, 3.75], "texture": "#0"},
				"up": {"uv": [4, 1.875, 2, 0], "texture": "#0"},
				"down": {"uv": [6, 1.875, 4, 0], "texture": "#0"}
			}
		},
		{
			"from": [5.5, 11.5, 4],
			"to": [5.5, 17.5, 12],
			"rotation": {"angle": -22.5, "axis": "z", "origin": [-2, 20, 12]},
			"faces": {
				"north": {"uv": [0, 0, 6, 0], "rotation": 90, "texture": "#missing"},
				"east": {"uv": [5.5, 4.125, 4, 6.125], "rotation": 270, "texture": "#0"},
				"south": {"uv": [0, 0, 6, 0], "rotation": 270, "texture": "#missing"},
				"west": {"uv": [5.5, 6.125, 4, 4.125], "rotation": 270, "texture": "#0"},
				"up": {"uv": [0, 0, 8, 0], "rotation": 270, "texture": "#missing"},
				"down": {"uv": [0, 0, 8, 0], "rotation": 270, "texture": "#missing"}
			}
		},
		{
			"from": [11.5, 6.6, 4],
			"to": [11.5, 12.6, 12],
			"rotation": {"angle": 22.5, "axis": "z", "origin": [6, 15, 12]},
			"faces": {
				"north": {"uv": [0, 0, 6, 0], "rotation": 90, "texture": "#missing"},
				"east": {"uv": [5.5, 4.125, 4, 6.125], "rotation": 270, "texture": "#0"},
				"south": {"uv": [0, 0, 6, 0], "rotation": 270, "texture": "#missing"},
				"west": {"uv": [5.5, 6.125, 4, 4.125], "rotation": 270, "texture": "#0"},
				"up": {"uv": [0, 0, 8, 0], "rotation": 270, "texture": "#missing"},
				"down": {"uv": [0, 0, 8, 0], "rotation": 270, "texture": "#missing"}
			}
		},
		{
			"from": [5.5, 9.5, 4],
			"to": [5.5, 15.5, 12],
			"rotation": {"angle": -22.5, "axis": "z", "origin": [-2, 18, 12]},
			"faces": {
				"north": {"uv": [0, 0, 6, 0], "rotation": 90, "texture": "#missing"},
				"east": {"uv": [5.5, 6.125, 4, 8.125], "rotation": 270, "texture": "#0"},
				"south": {"uv": [0, 0, 6, 0], "rotation": 270, "texture": "#missing"},
				"west": {"uv": [5.5, 8.125, 4, 6.125], "rotation": 270, "texture": "#0"},
				"up": {"uv": [0, 0, 8, 0], "rotation": 270, "texture": "#missing"},
				"down": {"uv": [0, 0, 8, 0], "rotation": 270, "texture": "#missing"}
			}
		},
		{
			"from": [11.4, 4.2, 4],
			"to": [11.4, 10.2, 12],
			"rotation": {"angle": 22.5, "axis": "z", "origin": [5, 13, 12]},
			"faces": {
				"north": {"uv": [0, 0, 6, 0], "rotation": 90, "texture": "#missing"},
				"east": {"uv": [5.5, 6.125, 4, 8.125], "rotation": 270, "texture": "#0"},
				"south": {"uv": [0, 0, 6, 0], "rotation": 270, "texture": "#missing"},
				"west": {"uv": [5.5, 8.125, 4, 6.125], "rotation": 270, "texture": "#0"},
				"up": {"uv": [0, 0, 8, 0], "rotation": 270, "texture": "#missing"},
				"down": {"uv": [0, 0, 8, 0], "rotation": 270, "texture": "#missing"}
			}
		},
		{
			"from": [5.5, 7.5, 4],
			"to": [5.5, 13.5, 12],
			"rotation": {"angle": -22.5, "axis": "z", "origin": [-2, 16, 12]},
			"faces": {
				"north": {"uv": [0, 0, 6, 0], "rotation": 90, "texture": "#missing"},
				"east": {"uv": [5.625, 8.125, 4, 10.25], "rotation": 270, "texture": "#0"},
				"south": {"uv": [0, 0, 6, 0], "rotation": 270, "texture": "#missing"},
				"west": {"uv": [5.625, 10.25, 4, 8.125], "rotation": 270, "texture": "#0"},
				"up": {"uv": [0, 0, 8, 0], "rotation": 270, "texture": "#missing"},
				"down": {"uv": [0, 0, 8, 0], "rotation": 270, "texture": "#missing"}
			}
		},
		{
			"from": [11.7, 0.7, 4],
			"to": [11.7, 6.7, 12],
			"rotation": {"angle": 22.5, "axis": "z", "origin": [4, 9, 12]},
			"faces": {
				"north": {"uv": [0, 0, 6, 0], "rotation": 90, "texture": "#missing"},
				"east": {"uv": [5.625, 8.125, 4, 10.25], "rotation": 270, "texture": "#0"},
				"south": {"uv": [0, 0, 6, 0], "rotation": 270, "texture": "#missing"},
				"west": {"uv": [5.625, 10.25, 4, 8.125], "rotation": 270, "texture": "#0"},
				"up": {"uv": [0, 0, 8, 0], "rotation": 270, "texture": "#missing"},
				"down": {"uv": [0, 0, 8, 0], "rotation": 270, "texture": "#missing"}
			}
		},
		{
			"from": [6.65, 14, -1.4],
			"to": [8.65, 16, 4.6],
			"rotation": {"angle": 22.5, "axis": "y", "origin": [14.75, 8, 7]},
			"faces": {
				"north": {"uv": [11, 6, 11.5, 6.5], "rotation": 180, "texture": "#0"},
				"east": {"uv": [10, 6.5, 10.5, 8], "rotation": 270, "texture": "#0"},
				"south": {"uv": [10.5, 6, 11, 6.5], "texture": "#0"},
				"west": {"uv": [11, 6.5, 11.5, 8], "rotation": 90, "texture": "#0"},
				"up": {"uv": [10.5, 6.5, 11, 8], "rotation": 180, "texture": "#0"},
				"down": {"uv": [11.5, 6.5, 12, 8], "texture": "#0"}
			}
		},
		{
			"from": [4, 15, 7],
			"to": [6, 21, 9],
			"rotation": {"angle": 0, "axis": "y", "origin": [12, 23, 15]},
			"faces": {
				"north": {"uv": [12.5, 6.5, 13, 8], "texture": "#0"},
				"east": {"uv": [12, 6.5, 12.5, 8], "texture": "#0"},
				"south": {"uv": [13.5, 6.5, 14, 8], "texture": "#0"},
				"west": {"uv": [13, 6.5, 13.5, 8], "texture": "#0"},
				"up": {"uv": [12.5, 6, 13, 6.5], "texture": "#0"},
				"down": {"uv": [13, 6, 13.5, 6.5], "texture": "#0"}
			}
		},
		{
			"from": [11.55, 14, -1.2],
			"to": [13.55, 16, 4.8],
			"rotation": {"angle": -22.5, "axis": "y", "origin": [4.25, 8, -3]},
			"faces": {
				"north": {"uv": [9.5, 2.5, 9, 2], "texture": "#0"},
				"east": {"uv": [8.5, 4, 8, 2.5], "rotation": 90, "texture": "#0"},
				"south": {"uv": [9, 2.5, 8.5, 2], "rotation": 180, "texture": "#0"},
				"west": {"uv": [9.5, 4, 9, 2.5], "rotation": 270, "texture": "#0"},
				"up": {"uv": [9, 4, 8.5, 2.5], "texture": "#0"},
				"down": {"uv": [10, 4, 9.5, 2.5], "rotation": 180, "texture": "#0"}
			}
		},
		{
			"from": [10, 15, 7],
			"to": [12, 21, 9],
			"rotation": {"angle": 45, "axis": "x", "origin": [11, 20, 8]},
			"faces": {
				"north": {"uv": [13.5, 2.5, 14, 4], "texture": "#0"},
				"east": {"uv": [13, 2.5, 13.5, 4], "texture": "#0"},
				"south": {"uv": [14.5, 2.5, 15, 4], "texture": "#0"},
				"west": {"uv": [14, 2.5, 14.5, 4], "texture": "#0"},
				"up": {"uv": [13.5, 2, 14, 2.5], "texture": "#0"},
				"down": {"uv": [14, 2, 14.5, 2.5], "texture": "#0"}
			}
		},
		{
			"from": [6, 15, 7],
			"to": [10, 21, 9],
			"rotation": {"angle": 0, "axis": "y", "origin": [14, 23, 15]},
			"faces": {
				"north": {"uv": [10.5, 2.5, 11.5, 4], "texture": "#0"},
				"east": {"uv": [10, 2.5, 10.5, 4], "texture": "#0"},
				"south": {"uv": [12, 2.5, 13, 4], "texture": "#0"},
				"west": {"uv": [11.5, 2.5, 12, 4], "texture": "#0"},
				"up": {"uv": [10.5, 2, 11.5, 2.5], "texture": "#0"},
				"down": {"uv": [11.5, 2, 12.5, 2.5], "texture": "#0"}
			}
		},
		{
			"from": [6, 15, 7],
			"to": [10, 21, 9],
			"rotation": {"angle": 0, "axis": "y", "origin": [14, 23, 15]},
			"faces": {
				"north": {"uv": [10.5, 2.5, 11.5, 4], "texture": "#0"},
				"east": {"uv": [10, 2.5, 10.5, 4], "texture": "#0"},
				"south": {"uv": [12, 2.5, 13, 4], "texture": "#0"},
				"west": {"uv": [11.5, 2.5, 12, 4], "texture": "#0"},
				"up": {"uv": [10.5, 2, 11.5, 2.5], "texture": "#0"},
				"down": {"uv": [11.5, 2, 12.5, 2.5], "texture": "#0"}
			}
		},
		{
			"from": [6, 21, 6],
			"to": [10, 25, 10],
			"rotation": {"angle": 0, "axis": "x", "origin": [14, 29, 14]},
			"faces": {
				"north": {"uv": [9, 1, 10, 2], "texture": "#0"},
				"east": {"uv": [8, 1, 9, 2], "texture": "#0"},
				"south": {"uv": [11, 1, 12, 2], "texture": "#0"},
				"west": {"uv": [10, 1, 11, 2], "texture": "#0"},
				"up": {"uv": [9, 0, 10, 1], "texture": "#0"},
				"down": {"uv": [10, 0, 11, 1], "texture": "#0"}
			}
		},
		{
			"from": [5.8, 20.8, 5.8],
			"to": [10.2, 25.2, 10.2],
			"rotation": {"angle": 0, "axis": "x", "origin": [14, 29, 14]},
			"faces": {
				"north": {"uv": [13, 1, 14, 2], "texture": "#0"},
				"east": {"uv": [12, 1, 13, 2], "texture": "#0"},
				"south": {"uv": [15, 1, 16, 2], "texture": "#0"},
				"west": {"uv": [14, 1, 15, 2], "texture": "#0"},
				"up": {"uv": [13, 0, 14, 1], "texture": "#0"},
				"down": {"uv": [14, 0, 15, 1], "texture": "#0"}
			}
		},
		{
			"from": [11, 16, -1],
			"to": [11.25, 23, 6],
			"rotation": {"angle": 0, "axis": "x", "origin": [11, 19.5, 2.5]},
			"faces": {
				"east": {"uv": [14, 14, 16, 16], "texture": "#0"},
				"west": {"uv": [16, 14, 14, 16], "texture": "#0"}
			}
		}
	],
	"display": {
		"thirdperson_righthand": {
			"rotation": [70, 22.5, -65],
			"translation": [-5.25, 4, 0.5],
			"scale": [2, 2, 2]
		},
		"thirdperson_lefthand": {
			"rotation": [70, 22.5, -65],
			"translation": [-5.25, 4, 0.5],
			"scale": [2, 2, 2]
		},
		"firstperson_righthand": {
			"rotation": [-140, 160, 115],
			"translation": [-4.75, 0.75, 1.25]
		},
		"firstperson_lefthand": {
			"rotation": [-140, 160, 115],
			"translation": [-4.75, 0.75, 1.25]
		},
		"ground": {
			"rotation": [90, 0, 0],
			"translation": [0, 6, -10],
			"scale": [2, 2, 2]
		},
		"gui": {
			"rotation": [-26, -149, -26],
			"translation": [1.25, -2.5, 0],
			"scale": [0.6, 0.6, 0.6]
		},
		"head": {
			"translation": [0, 19, -0.25],
			"scale": [2, 2, 2]
		},
		"fixed": {
			"rotation": [-90, 0, 0],
			"translation": [0, 0, -30],
			"scale": [4, 4, 4]
		}
	}
}